<?xml version="1.0"?>
<doc>
    <assembly>
        <name>Anarchy.Custom</name>
    </assembly>
    <members>
        <member name="T:Anarchy.Custom.Interfaces.IAnarchyScriptHero">
            <summary>
            Operatable Hero abstraction for scripts
            </summary>
        </member>
        <member name="P:Anarchy.Custom.Interfaces.IAnarchyScriptHero.GasUsageModifier">
            <summary>
            Modifier for gas usage.
            </summary>
            <remarks>used by Trap script</remarks>
        </member>
        <member name="T:Anarchy.Custom.Interfaces.IAnarchyScriptHook">
            <summary>
            Hook abstraction for scripts
            </summary>
        </member>
        <member name="P:Anarchy.Custom.Interfaces.IAnarchyScriptHook.Master">
            <summary>
            Owner of hook
            </summary>
        </member>
        <member name="P:Anarchy.Custom.Interfaces.IAnarchyScriptHook.Transform">
            <summary>
            Transform component of hook
            </summary>
        </member>
        <member name="M:Anarchy.Custom.Interfaces.IAnarchyScriptHook.KillMaster">
            <summary>
            Kills owner
            </summary>
            <remarks>
            Used by Trap script
            </remarks>
        </member>
        <member name="T:Anarchy.Custom.Interfaces.IGameManager">
            <summary>
            Game manager abstraction
            </summary>
        </member>
        <member name="M:Anarchy.Custom.Interfaces.IGameManager.GetRoundTime">
            <summary>
            Gets round time
            </summary>
            <returns>Round time (Starts count after restart)</returns>
        </member>
        <member name="M:Anarchy.Custom.Interfaces.IGameManager.GetLevelName">
            <summary>
            Gets current level name
            </summary>
            <returns>Name of current level</returns>
        </member>
        <member name="M:Anarchy.Custom.Interfaces.IGameManager.IsCustomMapLoaded">
            <summary>
            If custom map script was loaded already
            </summary>
        </member>
        <member name="T:Anarchy.Custom.Level.CustomAnarchyLevel">
            <summary>
            Special logic for Custom-Anarchy levels
            </summary>
        </member>
        <member name="P:Anarchy.Custom.Level.CustomAnarchyLevel.Instance">
            <summary>
            Instance of <seealso cref="T:Anarchy.Custom.Level.CustomAnarchyLevel"/>
            </summary>
            <remarks>Use this to access non static methods</remarks>
        </member>
        <member name="P:Anarchy.Custom.Level.CustomAnarchyLevel.GameManager">
            <summary>
            Provider for round information etc
            </summary>
            <remarks>Needs to be set. Basically you use usually FengGameManagerMKII for round time, etc</remarks>
        </member>
        <member name="P:Anarchy.Custom.Level.CustomAnarchyLevel.Heroes">
            <summary>
            List of active instance of <seealso cref="T:Anarchy.Custom.Interfaces.IAnarchyScriptHero"/>
            </summary>
        </member>
        <member name="P:Anarchy.Custom.Level.CustomAnarchyLevel.Scripts">
            <summary>
            All instantiated instances of <seealso cref="T:Anarchy.Custom.Scripts.AnarchyCustomScript"/>
            </summary>
        </member>
        <member name="M:Anarchy.Custom.Level.CustomAnarchyLevel.AddScriptHero(Anarchy.Custom.Interfaces.IAnarchyScriptHero)">
            <summary>
            Adds instance of Hero to <seealso cref="P:Anarchy.Custom.Level.CustomAnarchyLevel.Heroes"/> list
            </summary>
            <param name="hero">Hero to add</param>
            <remarks>
            Should be called in HERO.Awake()
            </remarks>
        </member>
        <member name="M:Anarchy.Custom.Level.CustomAnarchyLevel.AddScript(Anarchy.Custom.Scripts.AnarchyCustomScript)">
            <summary>
            Adds script to <seealso cref="P:Anarchy.Custom.Level.CustomAnarchyLevel.Scripts"/>
            </summary>
            <param name="script"></param>
        </member>
        <member name="M:Anarchy.Custom.Level.CustomAnarchyLevel.OnHookAttachedToGround(Anarchy.Custom.Interfaces.IAnarchyScriptHook,UnityEngine.GameObject)">
            <summary>
            Call this when hook hit ground
            </summary>
            <param name="hook">Hoot that just hit the ground</param>
            <param name="ground">Ground gameobject</param>
            <remarks>
            This should be called in Bullet.FixedUpdate(), at the place where it checks if hook has hit the ground
            </remarks>
        </member>
        <member name="M:Anarchy.Custom.Level.CustomAnarchyLevel.OnHookUntiedGround(Anarchy.Custom.Interfaces.IAnarchyScriptHook)">
            <summary>
            Call this when hook becomes untied from object
            </summary>
            <param name="hook">Hook to untie</param>
            <remarks>
            Should be called in Bullet.removeMe()
            </remarks>
        </member>
        <member name="M:Anarchy.Custom.Level.CustomAnarchyLevel.RemoveHero(Anarchy.Custom.Interfaces.IAnarchyScriptHero)">
            <summary>
            Removes hero from <seealso cref="P:Anarchy.Custom.Level.CustomAnarchyLevel.Heroes"/> list
            </summary>
            <param name="hero">Hero that is about to die</param>
            <remarks>Should be called in HERO.OnDestroy()</remarks>
        </member>
        <member name="M:Anarchy.Custom.Level.CustomAnarchyLevel.TryAddAnarchyScripts(UnityEngine.GameObject,System.String[])">
            <summary>
            Tries to add Custom-Anarchy features if needed
            </summary>
            <param name="resultObject">Object to add scripts</param>
            <param name="data">Raw object script data</param>
        </member>
        <member name="T:Anarchy.Custom.Scripts.AnarchyCustomScript">
            <summary>
            Base class for specific Anarchy scripts for custom maps
            </summary>
        </member>
        <member name="P:Anarchy.Custom.Scripts.AnarchyCustomScript.ScriptID">
            <summary>
            Identifier of script. Can be used for some interactions, like parenting object to script
            </summary>
        </member>
        <member name="P:Anarchy.Custom.Scripts.AnarchyCustomScript.IsActive">
            <summary>
            If script is active
            </summary>
        </member>
        <member name="M:Anarchy.Custom.Scripts.AnarchyCustomScript.Launch">
            <summary>
            Launches script
            </summary>
        </member>
        <member name="M:Anarchy.Custom.Scripts.AnarchyCustomScript.OnUpdate">
            <summary>
            Calls every frame
            </summary>
        </member>
        <member name="T:Anarchy.Custom.Scripts.Aura">
            <summary>
            Not implemented yet
            </summary>
        </member>
        <member name="T:Anarchy.Custom.Scripts.ClippingObjectComponent">
            <summary>
            Just an indicator for hooks, if they need to parent this object
            </summary>
        </member>
        <member name="P:Anarchy.Custom.Scripts.MovingScript.RotationEnabled">
            <summary>
            If object rotates
            </summary>
        </member>
        <member name="P:Anarchy.Custom.Scripts.MovingScript.Areas">
            <summary>
            List of Points
            </summary>
        </member>
        <member name="M:Anarchy.Custom.Scripts.MovingScript.Initialize">
            <summary>
            Initializing
            </summary>
        </member>
        <member name="M:Anarchy.Custom.Scripts.MovingScript.GetPercentage">
            <summary>
            Gets position percentage between points
            </summary>
            <returns></returns>
        </member>
        <member name="M:Anarchy.Custom.Scripts.MovingScript.StepToNextStage">
            <summary>
            Steps to next "stage"
            </summary>
        </member>
        <member name="M:Anarchy.Custom.Scripts.MovingScript.Launch">
            <summary>
            Launches script
            </summary>
        </member>
        <member name="T:Anarchy.Custom.Scripts.MovingScriptArea">
            <summary>
            Represents segment for <seealso cref="T:Anarchy.Custom.Scripts.MovingScript"/>
            </summary>
            <remarks>
            Area is segment, that contains start and end position, and optionally rotations.
            Object will smoothly travel from <seealso cref="P:Anarchy.Custom.Scripts.MovingScriptArea.StartPosition"/>  to <seealso cref="P:Anarchy.Custom.Scripts.MovingScriptArea.TargetPosition"/>
            If rotations are also used, object will smotthly rotate from <seealso cref="P:Anarchy.Custom.Scripts.MovingScriptArea.StartRotation"/> to <seealso cref="P:Anarchy.Custom.Scripts.MovingScriptArea.TargetRotation"/>, then back, as object moves
            If <seealso cref="P:Anarchy.Custom.Scripts.MovingScriptArea.Delay"/> is more then 0, then object will wait <seealso cref="P:Anarchy.Custom.Scripts.MovingScriptArea.Delay"/> seconds before it starts moving. It does pause when reached one of the points
            </remarks>
        </member>
        <member name="P:Anarchy.Custom.Scripts.MovingScriptArea.Delay">
            <summary>
            Time to wait time before object starts moving again, once it reached one of points
            </summary>
        </member>
        <member name="P:Anarchy.Custom.Scripts.MovingScriptArea.Speed">
            <summary>
            Speed of object while it is moving between <seealso cref="P:Anarchy.Custom.Scripts.MovingScriptArea.StartPosition"/> and <seealso cref="P:Anarchy.Custom.Scripts.MovingScriptArea.TargetPosition"/> points
            </summary>
        </member>
        <member name="P:Anarchy.Custom.Scripts.MovingScriptArea.StartPosition">
            <summary>
            Start point of object
            </summary>
        </member>
        <member name="P:Anarchy.Custom.Scripts.MovingScriptArea.StartRotation">
            <summary>
            Base rotation of object
            </summary>
        </member>
        <member name="P:Anarchy.Custom.Scripts.MovingScriptArea.TargetPosition">
            <summary>
            Target point for object to move to
            </summary>
        </member>
        <member name="P:Anarchy.Custom.Scripts.MovingScriptArea.TargetRotation">
            <summary>
            Rotation to rotate to
            </summary>
        </member>
        <member name="M:Anarchy.Custom.Scripts.MovingScriptArea.FromString(System.String,System.Boolean,System.Boolean,System.Boolean)">
            <summary>
            Parses area from given string
            </summary>
            <param name="source">Source object</param>
            <param name="includeRotations">If rotations are used</param>
            <param name="includeSpeed">If custom speed is applied</param>
            <param name="includeDelay">If object has delay before it moves</param>
            <returns>Parsed <seealso cref="T:Anarchy.Custom.Scripts.MovingScriptArea"/></returns>
            <exception cref="T:System.ArgumentOutOfRangeException">Throws if string had incorrect format</exception>
        </member>
        <member name="P:Anarchy.Custom.Scripts.RotationScript.Time">
            <summary>
            Elapsed time to reach target rotation
            </summary>
        </member>
        <member name="T:Anarchy.Custom.Scripts.TrapScript">
            <summary>
            Serves for indicating Trap object
            </summary>
        </member>
        <member name="T:Anarchy.Custom.Scripts.TrapType">
            <summary>
            Type of trap
            </summary>
        </member>
    </members>
</doc>
